comment,toxic,severe_toxic,obscene,threat,insult,identity_hate
arguement. yours was a personal attack (which is again mis-directed given that i am not even serbian ) )unlike this alleged dardanian-albanian myth (see the very books you provide a link,0,0,0,0,0,0
""" speedy deletion of """"lilsprezy"""" a page you created, lilsprezy, has been tagged for deletion, as it meets one or more of the criteria for speedy deletion; specifically, it is a test page. use the sandbox for testing. you are welcome to contribute content which complies with our content policies and any applicable inclusion guidelines. however, please do not simply re-create the page with the same content. you may also wish to read our introduction to editing and guide to writing your first article. thanks. (hello! contribs) """,0,0,0,0,0,0
""" spamstar spamstar the spamstar of glory presented to for ferocity in fighting spam on wikipedia """,0,0,0,0,0,0
"i can't decide who's plagiarizing who the text in this article is a near exact match to however, there are also some pretty significant similarities between other pages on that site and the corresponding articles on wikipedia (compare wikipedia's article on biology and their article on the same subject). any input would certainly be appreciated. cheers, afluent rider",0,0,0,0,0,0
and page is getting 76k hits an hour as a result.,0,0,0,0,0,0
edit on vista journal,0,0,0,0,0,0
""" {{unblock|reason=different rules for different people 31.209.16.177 } im blocked for calling ppl on the """"other side"""" for the opposite word of """"conspiracy theorist"""": """"propagandists"""". conspiracy theorists is a word frequency used and accepted but i guess the admins do not threat everyone in the same way or they just want to have a excuse to remove posts and block editors. everytime i discovered that some of the sources in the moon hoax article is using misleading propaganda im not even allowed to say it without actions is taken to me - thats is censorship and it should not be accepted. 31.209.16.177 """,0,0,0,0,0,0
""" i think the possibility of a corrupt core of admins is a problem worth asking candidates on. so if anybody else posted this exact question there wouldn't be a problem with it? particularly, i imagine, if it were a well respected admin with an impeccable record positing it? i read each of the candidates statements, and used that to judge if this question would be useful, look at the time between asking the candidates questions. also look at the """"ignore all evidence"""" question, this occurred to me as i was going along and it must be regarded as a general behavioural question when linked to the """"5 days"""" question, plus this shows it was not a """"spam"""" question to all candidates, i did pay attention to their statements. this is the question i posed to select candidates. what general concerns do you think are raised by the 5 days of silence from the community's admins in this ani? are there any other general concerns which arise from the ani? do these quotes; ameliorate, add to or amplify concerns? do you agree with the substance of the jehochman quotes? if an essay wp:ignore all the evidence were written, what concerns would be behind it, and what could be done about them? if you can point me to another ani where lies and deceit by two admins within an ani were ignored by the other admins in attendance for somewhere close to 5 days, then i will ask exactly the same question of those select candidates, substituting this with that example. would that be acceptable? have you seen such examples of systemic corruption before? or is this the only one? of course to answer that you would also have to answer; can you say in all honesty that you think ruslik did not lie in this ani? if you choose not to answer... is it because you believe it is the moral thing to do, or because of possible intimidation or repercussions on your good self? """,0,0,0,0,0,0
""" july 2015 (utc) support: reliably sourced without contradiction. i originally proposed this formulation and see no reason to depart from it. we """"do this"""" for some billionaires and not for others simply because we can only include what newspapers and other reliable sources say. just because the press hasn't designated george soros as having a primary political vehicle doesn't mean we can't write this about the kochs. 00:16, 31""",0,0,0,0,0,0
agreed. his oft-repeated personal motivations and life goals for himself does warrant a mention in a wikipedia wp:blp:blp. i recommend be bold and add something.,0,0,0,0,0,0
"""::::::thanks, granitethighs, or reminding us that our work on this article is all about developing something that serves the reader. sometimes we work on structural problems with the article, but often we find ourselves fighting over controversial topics instead. (talk) """,0,0,0,0,0,0
"as argued below, the section here breaks wp:undue, since the article prioritizes a minor blip in a war lastying over three weeks. everything else, the political negotiations truce proposals, background, actual war, has been drastically edited out and this section is anomalous given its triviality. it may be important to tourists, it is not an important part of the war. at most one can write (with an in-line link to the new article) flights to ben-gurion airport were interrupted for some days (link to new article) after a hamas missile struck an area in its vicinity.",0,0,0,0,0,0
"thanks, i noticed you tried to help add it before. some major portals like wp:film has it. many don't. the ones that do, have codes integrate and don't require manual updates. we are short on editors the portal. so we have to keep it simple.",0,0,0,0,0,0
uhm....why does it link to the dc comic hangman in the part where it lists some of the villians she's fought?,0,0,0,0,0,0
"so why should even be in the article that it was a preplaned withdraw? your source is petty wage and there is sources like platonov who contradict this, all we know is that after the finnish artillery achived a stunning defeat of the soviet army at ihantala units was withdraw, the rest is just speculation",0,0,0,0,0,0
rebellion of 1857 hi have you taken a decision on the 1857 rebellion issue?,0,0,0,0,0,0
"i think because i agree with your beliefs they think i'm you. i never even did anything, i just came across your page, and reverted it, then i ready what you wrote and i agreed. this is unfair.",0,0,0,0,0,0
"""::::(ec)you initially lost me when you started making hitler comparisons, but you did make a good point further down. we should compare him to all other white hose chief of staffs in category:white house chiefs of staff. i did not go through all of them but those that i saw did not go beyond the father's profession, which is already more then this article which mentions not only his profession but also his extra-curricular activities. the two cos's that you mention in support of your argument are clearly work against you. in the james baker article, who is far more notable than emaneuel, it says that his father was a lawyer. that's it. in the john h. sununu article it states his father's profession and where he was from. also more than this article. in alexander haig, a 4 star general and far more notable than emanuel, there is nothing on his father. in h. r. haldeman, it says that his father donated money to the republican party. if that is your basis for the inclusion of a discussion of his father's activities it is pretty weak. firstly, there is no wikilink that would resolve this addition like [irgun]]. secondly, its not a pov. in summation, the general scheme of cos's is not to include background information on the person's father, which makes the desperation of some editors to include pov edits in this article all the more perplexing. crewer (yada, yada) """,0,0,0,0,0,0
redirect talk:munir hussain (cricketer),0,0,0,0,0,0
i want the wikipedia article to be neatly arrange ),0,0,0,0,0,0
""" user#24.168.66.27, please don't delete my posts. that is very rude. the following was deleted by user#24.168.66.27 this morning. why would he delete this post, i wonder: if anyone is curious, in the interests of creating a npov article about surrealism, it should be noticed that both user#63.169.104.2 and user#24.168.66.27 were the main users interested in pushing the keith wigdor article forward. if you have any doubts, then check the discussion page for that article. it wasn't long ago that all references to """"keith wigdor"""" were removed from this """"surrealism"""" article. this removal occured because of wigdor's total unimportance to the surrealist movement, for the simple reason that keith wigdor is, at best, an emerging digital artist who fancies himself as a being a surrealist, and who has many times attempted to pose as a surrealist. needless to say, many of the english-speaking surrealist groups listed on this page know about him and refuse to have anything to do with him. keith wigdor appears again and again to disrupt all things genuinely surrealist. it is also interesting to note, if you check the discussion archives of this """"surrealism"""" article, that these same 2 users were also involved with promoting keith wigdor as a surrealist, in this very article. also, if you look at some of the recent, belligerent, trollish, thike-ish posts of these 2 users, it shouldn't be unreasonable to suspect that perhaps both of these 2 ip numbers are being used by keith wigdor. for the 2 no-name users mentioned here, who are strongly associated with or strongly correlated with the antics of keith wigdor, it is difficult to imagine that their efforts in building this wiki article will be anything but disruptive and manipulative in the long run. please treat these 2 users with extreme caution, for they are one and the same, and also happen to be keith wigdor, who is playing a sock-puppet game. 22:10, 11 jan 2005 (utc)""",0,0,0,0,0,0
block thanks im now unblocked,0,0,0,0,0,0
""" hi. i noticed this discussion and would like to flag up this diff reassessing the importance of the england_national_football_team_managers from """"high"""" to """"mid"""". """,0,0,0,0,0,0
"the page should stay without the point. officially, british english abbreviates saint to st, not st. !",0,0,0,0,0,0
darwinian theory pushing please do not delete commentaries merely because you personally feel they offend your personal point of view about darwin and the theory of evolution and your rainbow-colored view of christianity. (see to wikipedia articles. doing so violates wikipedia's neutral point of view policy (see and breaches the formal tone expected in an encyclopedia. thank you. refrain from vandalism of the page on charles darwin and refrain from deleting entries in your discussion page which you are clearly doing to hide the truth about your non-neutral edits. refrain from vandalism of the page on charles darwin and refrain from deleting entries in your discussion page which you are clearly doing to hide the truth about your non-neutral edits.,0,0,0,0,0,0
killamanjario shut the fcuk up cracka,1,1,1,0,1,0
i based the close on the arguments in the drv itself. but i reworded the last few words to make it more clear.v/r - p,0,0,0,0,0,0
""" do you strongly believe sundar, do you strongly believe (still) that """"disillusionment is irreversible"""" ;) 09:20, 29 sep 2004 (utc)""",0,0,0,0,0,0
""" barnstar the press barnstar thanks for giving the interview! i enjoyed the read. thanks for your contributions. best wishes. """,0,0,0,0,0,0
"the game is also available as part of the star wars: best of pc collection, which, though it's no longer in production, is still available. my wife bought it for me just a few months ago on amazon.com.",0,0,0,0,0,0
"oh yes, john let us all join the hate fest against turks. remember turks are evil and turkiye should be nuked...yesssssss",1,0,0,0,0,1
"helping family in kumasi hello, my name is howard zerkle. i am from the united states. i have been in contact and helping a family in kumasi for about 4 years. the family includes a grandfather, ahmed yussif and his 2 orphaned grandchildren: fatima banda and tijani suleman. the grandfather just had a stroke about a week ago and is in a hospital. their home address is: plot 78, block x, kronum kwapra. the phone number i have is: 233-247-148310. is there anyone who can call on them and show some support to the family? find out which hospital he is in and have prayer with them. the grandfather has lost his speech but can whisper some. i would appreciate any help you can give to them. i feel close to the family but i am too far away to help. all i can do from here is continue to pray for them. thank and god bless you, howard zerkle",0,0,0,0,0,0
"i agree with '''''' we should only note about the 15,000 ptsds and sderot and other cities (didn't find the amount in different cities), also add the migration of 15% of sderot (see sapir resarch) 10% of population migration in the negev, the 70k usd cost of each anti - rocket. add the over 170 million cost to the area",0,0,0,0,0,0
"and it is an alleged facility it was never proven some gut took pictures wow, no country recongnizes that israel has nukes. now if ur saying that we jyst go by what professors elieve than i know some professors who belive the palestinians dont actualy exist, why do we have articles about palestinians?",0,0,0,0,0,0
"if you trying to be correct then politically the article should remain republic of china it doesn't matter if it's commonly refered as taiwan. people can read why republic of china is on taiwan and the political status. this is one of the few article that is very politically and socially sensitive as your mere title change is supporting taiwanese independence which the people's republic of china doesn't approve of and while the republic of china can't do much to wikipedia they can. tell me how many people around the globe can read and understand english? many. even stating 'taiwan is a country' is politically incorrect as switching republic of china with taiwan is supporting taiwanese independence and taiwan is not a country. please read the articles of taiwanese independence, taiwan's political status, one-china policy, foreign relations of the republic of china.",0,0,0,0,0,0
fuck you wanker,1,1,1,0,1,0
""" i think that might be a good idea.... i came to the talk page looking for the source of the 11/2009 dispute tag, and i'm still not entirely sure why the tag is up there. it seems the discussion(s) stalled quite a long time ago. white whirlwind """,0,0,0,0,0,0
leave your messages here and i will reply here too.,0,0,0,0,0,0
"hiding the true sender i just got a spam where the fictional 'from' field was actually my e-mail address, which had the added effect of making it impossible to block. does anyone know how you find out the true sender address, and/or shouldn't something about this fraud be in the article? also, isn't there someplace you can forward spam e-mails to and the organization will track down the sender and prosecute them? i know 419 scams have that.",0,0,0,0,0,0
"where does gamaliel identify as male? because everything about her editing and admin usage screams otherwise. and no, it is not trolling. gamaliel is heavily biased and yet pretends to act unbiased in her ongoing efforts to ban opposing voices. 70.56.26.46",0,0,0,0,0,0
"i saw this today, and thought that the review and the book being reviewed might be of interest to you, if you haven't come across them already.",0,0,0,0,0,0
you are fucking morons you realized that wikipedia became like jew-watch right? if you wont block this guy right now and revert his last edit i will report to adl that wikipedia is anti-semite site who like twisting fact if i will report it to adl you will lose a lot of visitors fucking idiots.,1,0,1,0,1,0
"i don't see it that way. as an admin, i've already made the decision to restore the template. any user, even a nonregistered one, can post on the template talk page to report the past tfds and drv that the page has been involved in. if other editors object to the template being restored, i doubt they would direct their objections to an editor who merely posted the template on the template's talk page. (talk)",0,0,0,0,0,0
"edgerton high school is the location of the lair of the fucking monsterous wendelmeyer, and pete lien, the creator of the legendary plien page.",1,0,1,0,0,0
"changes you are right there, but when someone continues vandalizing one article it is not good as far as i know. i just told you you have everything about victims (on pdf document) how, when, where and by who they were killed, date, and even pictures (other pages). stop removing please!",0,0,0,0,0,0
"comment reversion in n.d. no, it's not good to edit other's comments without good reason (typo, bad link, etc.), but i suspect his act was more a case of poor handling of an edit conflict than malice. i'll fiddle with it. -",0,0,0,0,0,0
"well dr k i too am in agreement with this position as i have brought up before to esoglou that the eastern churches tradition was with st james was the head of the early christians, before any such history of peter, peter was the bishop of antioch and then after sylvester (the first bishop of rome) the 2nd bishop of rome. it is also true that me and several other editors have tried to point these things out (user:cody7777777, user:montalban, user:rscole) in articles like the primacy of the bishop of rome. we get sanctioned or banned. i just hope that any editors inform themselves of this kind of thing before them walk into it or get entangled as npov is very subjective and pretty much defined at the discretion of whatever administrator at the moment see fit to define it. lovemonkey",0,0,0,0,0,0
"block ? i can edit, the block has expired i guess. help ?",0,0,0,0,0,0
""" your submission at articles for creation the article you submitted to articles for creation has been created. you are more than welcome to continue making quality contributions to wikipedia. note that because you are a logged-in user, you can create articles yourself, and don't have to post a request. however, you are more than welcome to continue submitting work to articles for creation. if you have any questions, you are welcome to ask at the help desk. if you would like to help us improve this process, please consider . thank you for helping improve wikipedia! """,0,0,0,0,0,0
"alan watt's 'cutting through the matrix' = what is a link to alan watt's 'cutting through the matrix' books doing here? first of all, those books are not meant to be free for download - the books are copyrighted by alan watt, and it really doesn't fly that he doesn't own the rights to his own books on account of a few photocopied scans he used from glenn kealey (who, btw, is just out there). secondly, it has nothing to do with alan watts. i think this needs to be removed.",0,0,0,0,0,0
""" ...and i forgot to mention that, though you may not know it, i believe your suggestions of late will be paramount to the successful inclusion of rantmedia. i've vastly improved the article since the afd nomination as well as since tuesday afternoon. i wasn't clear to me what was necessary to be done with the article, and you helped lead me to the answer of my question of """"what is it going to take?"""". so from the bottom of my heart, thank you. (t c) """" """,0,0,0,0,0,0
reformed churches in switzerland please create them as drafts so i ci ould work on them,0,0,0,0,0,0
.the name palattu koman itself is synonimus with defeat!,0,0,0,0,0,0
""" thank you, i appreciate it. (t c) """,0,0,0,0,0,0
"i have reverted your edits to naples, florida, as wikipedia is not a directory. please take a look at the welcome page to learn more about contributing to this encyclopedia. donald albury",0,0,0,0,0,0
"maybe add a 'disputed' section? i think it might be worth adding a section for characters who are uncertain but noteworthy. mr/mrs. garrison from south park, for example. it'll help filter out some of the characters that keep being added but are not actually confirmed.",0,0,0,0,0,0
"no fec papers i personally think that any candidate up on this page should be off if the don't have their papers filed with the federal election commission. these people would be stewart alexander (spusa), roseanne barr (i), and robert burck (i). i also think jack fellure (p) should be off. he has papers turned in saying he is running as a republican, not as a prohibition party candidate. james hedges should also be off because his papers are not turned in, much less is he running for this office.",0,0,0,0,0,0
"my talk page please do not revert edits made by other users on my talk page, their discussion with me does not concern you if i want to remove their edits i will remove them myself kthx",0,0,0,0,0,0
""" no. not many people have ever heard of the octothorpe name, in my circles. it was called """"the number sign"""", after the phone companies usage on keypads, until about five to ten years ago. the last few years online (seeming to lead the pack and culture) started to call it a """"pound sign"""", always known to expeditor people for weight, always appearing at the end of a number (eg. cw#). both of those appear to be usages and not the symbol's name. now i was told, loosely, that it was an octothorpe but since have discovered the term may be a broad one that covers many eight sided figures. (what else?). either way, a redirect from these usages to the proper name would be in order for a dictionary of any merit. the proper name? brings us back to a conundrum? 99.251.125.65 """,0,0,0,0,0,0
"i'm sorry. i've just started posting, and i had the impression that my ip address was going to be automatically added. i will do it from now on. thank you.98.71.50.225",0,0,0,0,0,0
redirect talk:bangkok bank f.c.,0,0,0,0,0,0
"your userpage i have deleted your user page. it is intended for basic information about yourself or your wikimedia-related activities. although a lot of leeway is allowed in personalizing your user page, it is not a personal website, blog, or social networking medium, nor should it be used to promote yourself, or host a fake article, cv, or lengthy biography. please do not be offended, and please feel welcome here. i encourage you to help build the encyclopedia. if there is anything you ever need, just ask. best wishes,",0,0,0,0,0,0
"well, glad someone appreciates the joke ) thanks.",0,0,0,0,0,0
""" user dlabtot indicated that my edit was an improvement. i have no idea who dlabtot is; therefore, it was solely the quality of my writing that impressed him/her. you're simply camoflaging your ad hominem attack on me by unfairly criticizing my writing. """"[t]his was a step backwards"""" for no other reason than because you say it was, backed up not by your compositional expertise, but your power to access """"controls"""" that i cannot. i'm a law school graduate, with extensive research and writing experience, with highly-graded work product.""",0,0,0,0,0,0
"you suck it!!! as you're used to suck phallus, nazi hinduist like hitler!!!",1,1,1,0,1,1
hellloooo? i'm done with this....if i want information i'll just go the source or encarta.,0,0,0,0,0,0
""" please sign my autograph page please sign my autograph page. r """,0,0,0,0,0,0
the soundtrack of reaching the pole falcon,0,0,0,0,0,0
"apparently such accusations are considered acceptable, and as i mentioned above: as long as that is the case i don't belong here. hope you enjoy it more than i do, and that that'll continue as you are a fantastic editor. good bye. 88.88.166.230 ==",0,0,0,0,0,0
remember your friend total wanker?,0,0,0,0,0,0
""" my signature hi guys. i have created a new signature (you'll see it at the bottom). enjoy kids. traveller101 """,0,0,0,0,0,0
""" then what is it that you are trying to do? you want others to weigh in on and convince them that the editor should be allowed to participate, no you want someone to invite the user back to editing sp fc and you would like everyone to ignore the rhetoric it has placed upon the users talk page all about me. i have also seen that you would like them to """"discipline"""" me in some manner for not being """"nice"""" to the user when the user was using the fc talk page to broadcast perceived problems to the readers of the sp so i find your claim of """"no ill will"""" with guarded concern. the publication is now a week ahead of publishing times, and not one person, out of the 600,000 readers a month has had a single comment that was not positive about my efforts. it seems to me, but i could be wrong as i am not perfect, that you are only contributing to this drama, by reaching out to uninvolved editors and dragging them into this with """"poor haf's please help"""" bi annual drama. i think the meatball page is a accurate portrayal of this type of conduct. i think if the user removes the overwhelming amount of attack info it has on its talk page, that your efforts might be taken more seriously. cheers. talk """,0,0,0,0,0,0
see here pointy revertss and bullying from a bunch of owing i love shit users.,1,0,1,0,1,0
ps2: why pollute google & the web - un-ecessarily - with such ugly neologism?,0,0,0,0,0,0
"cyclepat, i am not vandalising, and i take issue that you continue to accuse me of such. please stop removing my comment from wp:rm and stop referring to me as a vandal. iamunknown",0,0,0,0,0,0
"higher than this?? after this, what is the next term of the roller coaster height sequence??",0,0,0,0,0,0
"there is a portrait of phillip iv hunting, but the dog doesn't appear to be sniffing his crotch as it is in the image of don fernando de austria.",0,0,0,0,0,0
""" this line from the main article is a sweeping generalization but with no source: """"hayek, of course, had lived his early life under the mostly liberal, but mostly non-democratic, rule of the austro-hungarian emperor, and hayek had seen democracy descend into illiberal tyranny in a host of central and eastern european countries.""""""",0,0,0,0,0,0
"oh, it is beyond dispute that the arbitration, appeal and disciplinary processes of wikipedia are contemptible. the obvious bias and bullying of wikipedia's moderators who are pushing blatantly transparent agendas, and power-tripping as they do so, is impossible to miss. indeed, wikipedia's moderators provide countless examples of how petty and dishonest people cannot handle power. 122.60.93.162",0,0,0,0,0,0
"yeah, it's too wide on mozilla too. why is the right-margin:15? i guess the author wanted to match up the left margin with the above photograph, but the page has become too wide in the process. 17:07, 16 oct 2003 (utc)",0,0,0,0,0,0
""" the text on that page says, """"you are welcome to use these images, however, you may not use them for any commercial purposes."""" technically, i don't think pacific northwest national incident management team 2 can claim copyright on government photos, but i think the lines are blurry since they're making a request like this. in other words, i don't think wikipedia can directly use these photos with the text given on their web site. i would consider writing to the pnw team 2 webmaster to ask if they'd grant permission. you could explain to them that wikipedia and its mirrors won't be reselling the photos for profit, and/or you could mention that they shouldn't be claiming copyright on government works anyway. or, you could contact the forest service directly to see if those photos are available through a channel other than the pnw team 2 web site. (elkspeak) """,0,0,0,0,0,0
""" bhangra why exactly did you delete the image out of """"bhangra"""", back in december? user:zanimum""",0,0,0,0,0,0
consider creating an account for yourself so you can avoid further irrelevant notices.'',0,0,0,0,0,0
"to:: thank you for your kind explanation on counting reverts. i did not know about this principle, and think it might be helpful to include this information in the 3rr rule guide. i will try and follow this rule next time i have to report someone (hopefully i don't have to).",0,0,0,0,0,0
"aecis, take a look at this history on the talk page as well as the historyon the refactor pages (listed at the top). after our anonymous friend was locked out of the article via semi-protect yesterday he decided to go on a talk page vandalism spree replacing everything in sight with the content of the article page edited to his liking.",0,0,0,0,0,0
what a complete and utter waste of time. tony sidaway,0,0,0,0,0,0
""" but still, i don't see how mentioning the appearance of the aircraft in ace combat could be """"cluttering"""" the article any more than its appearance in any other form of culture. for example, in tom clancy's splinter cell, the aircraft employed by the shop could have easily been, say, a mig. so you see, there's no particular reason why the mention of ace combat is any different from any other form of media/culture. """,0,0,0,0,0,0
"sorry, it is no common practice for publishers in vietnam to assign isbns for their books. so i can't find any isbn for t tem s i.",0,0,0,0,0,0
"that actually sounds quite reasonable. keep in mind that i've been blocked largely to prevent me from participating in discussions that were already underway off-wikipedia before i was blocked. it's refreshing to see some true civility for a change. especially after having had four different admins block me (actually, it's probably more than the last four), without one word of discussion with me from any of them before doing so. then there's the whole thing about much of the discussion not being aboveboard, but rather taking place in the modern version of the proverbial smoke-filled back room. duk and haukur were decent, and know more about what they're talking about because we've been involved in the same discussions at various times in the past; even i've locked horns with both of them at various times, we've managed to come out of it without permanent hard feelings (can't say that for everyone else involved). mostly, however, what i've much of anything not even remotely resembling civility, in this entire process. at least not anything close to civility in anything other than a highly ritualized, magic-incantation, wikipedia-jargon meaning of that term. it's no wonder that so many of them never use that word without linking it; it has nothing whatsoever to do with real-world concepts of civility as they use it. your proposal was so much in a different vein that it catches me by surprise. the fact that i am surprised might be a cause for concern.",0,0,0,0,0,0
careful! perhaps you were biting a little bit here?,0,0,0,0,0,0
you'll be able to edit it when you're account is at least 4 days old with at least 10 edits.,0,0,0,0,0,0
the talk page can be found here .,0,0,0,0,0,0
put article title here,0,0,0,0,0,0
. 1971 (though trialled between 1965 and 1970),0,0,0,0,0,0
"nasib mukhtarov 17:33, 15 september 2015 (utc)",0,0,0,0,0,0
"see this link for proof anna has left: (go to her blog) and this to see ronan still works at tgbbq: you're not at all trying to be friendly, so here's your proof, now buzz off.",0,0,0,0,0,0
rfd closings thank you!,0,0,0,0,0,0
"mfd hi, mate. cheers for your help. sorry if i mucked up the process. anyway, you've sorted it now. thanks.",0,0,0,0,0,0
""":: hello jess! thanks for your help as it is greatly appreciated. i have found more sources for the claim in the article that it was a 'crisis of homosexuality'. 1) i'm sure you'll go though the article but the sentence that shows why we need to delete the celibacy part of the argument is the first sentence (which also supports the need to give it a name of a cris of homosexuality) which states, """"celibacy is not the cause behind the child sex abuse scandal that has shattered the priesthood and imploded the catholic church. blame homosexuality, the vatican's second in command claims."""" 2) """"i maintain it has been a homosexual crisis all along. the evidence is all on my side, though there is a reluctance to let the data drive the conclusion. but that is a function of politics, not scholarship."""" bill from the catholic league so i think from an objective pov we can say that it has been a crisis of homosexuality with a few other contributing factors but that celibacy, and seminary training were not one of them. i mean that is quite a strong assertion to make don't you think? the idea that you can blame an institution like the catholic seminary for a series of generalized horrific crimes. i don't think we can say although the abuse was pervasive, we don't have enough evidence to say that it was institutional (a byproduct of an organization, in this case the catholic seminary). let me know what you think! 12.129.87.3 """,0,0,0,0,0,0
go fuck yourself allahu akbar!!!!!!,1,1,1,0,1,1
""" setwisohi sums up the issue quite succinctly with the comment """"we still have reliable 3rd party sources saying that ukip are a populist party against the opinion of one/some editor/s saying they are not."""" let's be blunt about this: the 'opinions' of wiki editors are not worth a fig. editors are explicitly forbidden to base articles or edits on their opinions. it's the sources which count. while there are relaible third party sources all pointing one way and no sources offering the contrary view, there is no need for debate. and, contrary to what twilde says, the word populism is not """"loaded, subjective and deeply ambiguous"""". used by political scientists and commenators it has a very precise meaning. if some readers do not understand it, that is their problem and they need to find out more by reading the works of experts, but it is no reason to do away with it. """,0,0,0,0,0,0
epic win that is all.,0,0,0,0,0,0
"aegean macedonians vs greek macedonians/bulgarian macedonians hi future, i want an explanation as to why the article aegean macedonians was forced into the article slavic-speakers of greek macedonia, while greek macedonians and bulgarian macedonians get to have their own article instead of being within the article macedonia (greece) and blagoevgrad province respectfully? aegean macedonian is a subgroup just like greek macedonian, or bulgarian macedonian is. i believe aegean macedonian should have their own article if the other two subgroups are allowed too.",0,0,0,0,0,0
""" some inconsiderate user mbisanz has blocked me for """"tweak."""" i don't even know what that means. knowing that i am not a vandal, i have reached the conclusion that mbisanz has nothing better to do than show off authority on wikipedia, having none in real life. he may be the type who is proud of his status, and feels better by demeaning others. thanks alot, mbisanz. pax""",0,0,0,0,0,0
""" :i would have to argue against your first point. it implies that the universe is finite and that one could theoretically reach any point instantaneously by travelling at the speed of light. i was thinking that since you are travelling at the speed of light and as are your headlights, the distance that they seem to travel in front of your vehicle would remain constant. also, at that incredibly high speed, you would most likely be """"over-driving your headlights."""" so because of that i think that if one were travelling at light speed, headlights wouldn't be much use. """,0,0,0,0,0,0
applied section as proposed and agreed here. it's much shorter and heavily sourced. regards.,0,0,0,0,0,0
"""{| style=""""border-spacing:8px;margin:0px -8px"""" width=""""100%"""" |class=""""mainpagebg"""" style=""""width: 55%; border:2px solid #dddddd; background-color:#f0f0f0; vertical-align:top;color:#000000;font-size: 100%""""| welcome, , to wikipedia! wikipedia is an enormous community filled with knowledge and opportunity. wikipedia currently consists of at least articles and users, as well as many other resources. in joining, i hope you will benefit from this amazing supply of knowledge. i also hope you will consider having this community benefit from you and your expertise. if you ever need help, feel free to contact me on my talk page. also, placing {{helpme}} on your own talk page will notify advanced users that there is an unanswered question there. i suggest looking over some of the pages i have listed below before you begin. be sure to enjoy your new opportunity to learn and educate others! '''''' (talk) () useful links for new wikipedians these links will not cover everything; do not hesitate to contact me or someone else. basics of wikipedia with the following links, you can find out the basics of how wikipedia works. wikipedia welcome page wikipedia tutorial instructions on editing pages guide to writing great articles personal pages below are pages that are about you. you can use them to communicate with other wikipedians, and help you with your edits. your talk page your contribution log""",0,0,0,0,0,0
"thanks for the info. i'll know closer to the time, if i'm able to attend the liverpool meeting. regards,",0,0,0,0,0,0
"schumin and dc hi, i don't think ben can go along to the dc meetup. the last one he was at he was too fat to sit on the chair so everyone had to go outside and sit on concrete blocks instead. he also had that irritating video camera with him and sneakily took video footage of the male crotch region - that seems to be his thing, the poor sod. generally speaking the guy is a creep who thinks its cool to take video footage of everything - i reccomend you keep well away from him.",0,0,0,0,0,0
""" zngyelse? the lede says that the base is also known as zngyelse. who calls it this, and why? it certainly looks like a confused misreading of the russian name , taking the for and adding an odd letter e at the end. the ye in the middle would also be an unusual transliteration, although understandable. is there a source behind this alternate name? a google search shows a lot of web sites that similarly claim this name is """"also used"""", but just as likely they're getting it from wikipedia rather than the reverse. there's no hint of any such name in the russian-language wikipedia article, unless as i mentioned you misread the russian name. """,0,0,0,0,0,0
"funniest talk page edit ever. i'm being warned by an ip for doing the correct thing. brilliant. everton stuff irrelevant, left hook is incorrect title and the rashad fight is unconfirmed. i'm doing everything right and an ip is vandalising, but yet this ip is deluded.",0,0,0,0,0,0
""" the law school won't serve as a reliable source (it's not independent)... i'm okay with what is cited: """"most competitive campus"""". '''''''''' talk """,0,0,0,0,0,0
"vice- admiral arbuthnot failed with his fquadron early on the ioth, and proceeded to the fouthward with a prefs of fail, in purfuit of the enemy. on the i3th, when in lat. 39 30' n., within a few leagues of the coaft, the admiral fpoke a veflel from london to new york ; and was informed by her, that fhe had feen the french fquadron on the preceding day, about a degree to the fouthward, and that it then confided of eight fail of large fhips, three frigates, and a tender. this intelligence raifed the fpirits of the britifh tars. the admiral fleered the courfe, by which he thought it moft likely that he fliould fall in with them and that fame evening the wind increafed to a gale from the n. w. ; this was extremely favourable to the purfuit, and made the vice-admiral entertain hopes, that he would be able to overtake the enemy's fquadron before they entered the chefapeak ; or, if practicable, to attack them whilft at anchor there. on the i6th, the iris frigate, at fix in the morning, made the fignal for difcovering five ftrange fail to the n. n. e. ; and foon after came within hail and informed the vice-admiral, that they were large (hips and fleering for the capes of virginia, and fuppofed them to be only about a league diftant on which, the vice-admiral prepared his fquadron for battle, by making the fignal for a line of battle ahead a cable's length afunder, on a wind, which was then frefh ; and not doubting but the fhips feen were the french fquadron, he made towards them with a prefs of fail. at this time cape henry bore s. w. by w., diftant about fourteen leagues, the wind at weft, the enemy's fleet bearing e. n. e., the weather fo hazy that the line of the britifh line could fcarcely be difcerned. about eight o'clock, the wind veered to n. w. by w., and foon after to n. by w., by which means the enemy obtained the weather-gage ; and about this time feveral of their fhips were difcovered to windward, manoeuvring to form their line. at half an hour after eight, the guadaloupe frigate ranged under the vice-admiral's lee, and brought the fame intelligence that the iris had given he ordered her to make fail and to keep fight of the enemy. the haze appearing to thicken, the vice-admiral ordered the iris by fignal to make fail ahead and keep fight of the enemy. the britifh line was by this time completed, formed, and clofe hauled on the larboard tack. the headmoft fhips of the enemy's fquadron, at twenty minutes after nine, tacked ; as did the reft in fucceflion, and formed their line on the {larboard tack.f at thirty-five minutes after nine, the weather being very fqually, the vice- admiral made the fignal for his fquadron to form a line of battle ahead, at two cable.5 length afunder ; and at a quarter after ten, he made the fignal for the fquadron to tack, the headmoft and weathermoft fhip firft, and gain the wind of the enemy. a little before eleven o'clock, the headmoft fhip of the french line tacked ; but one of their (hips having miffed flays, the reft wore, and formed their line on the larboard tack. at forty minutes after eleven, vice- admiral arbuthnot made the fignal for his fquadron to form the line at a cable's length afunder ; and at twelve o'clock, there being a profpect of the van of the britifh line reaching the enemy, he made the fignal for the fquadron to tack, the van firft, and for the van fhip continuing to lead on the other tack. at one o'clock, the enemy's fquadron, confifting of eight two-decked fhips, having completed their line of battle ahead, but being apprehenfive of the danger and inconvenience of engaging to windward, from the high fea and the weather fqually, the french admiral about half an hour after one o'clock, made the fignal for his fquadron to wear, and form their line to the leeward of the britifh line. at two o'clock, the van of the britifh fquadron wore in a line, and in a few minutes the robuft, which was the leading fhip, bore down in the moil gallant manner and was warmly engaged with the enemy's van the van and centre of the britifk fquadron were all engaged by half paft two o'clock, and by three o'clock the french line was broke j their fhips began foo to wear and to form their line again, with their heads to the fouth-eaft. at twenty minutes after three, vice-admiral arbuthnot made the fignal for his fquadron to wear and (land after them ; but by that time, the robuft, prudent, and europe, which were the headmoft (hips, and had received the moft of the enemy's fire at their rigging as they bore down t engage, were fo entirely difabled, and the london's main-topfail- yard being carried away, (the two firft unmanageable,",0,0,0,0,0,0
redirect user talk:mattsnow81/archive 3,0,0,0,0,0,0
""" yes, and rap singers refer to themselves with the """"n-word"""". does that mean it's an acceptable, non-perjorative term now, and we are free to use it on wikipedia to describe al sharpton and barak obama? how about the members of the gay community who call themselves """"f-word hags"""" and such? see how silly your own arguments sound when used against you? furthermore, you cite buchanan and buckley, both of which use """"neo-conservative"""" in a perjorative sense. thank you for citing evidence to prove my point. by the way, who is douglas murray and why does his opinion hold so much weight? neo = new. so, mark levin, who has worked for a republican administration over 20 years ago and has been a conservative for as long as anyone can remember...he's a new conservative? so, either come up with a better defence for this obviously perjorative term or i'll scrub it. levin doesn't label himself """"neo-conservative""""...which i think should be the real test of this term. """,0,0,0,0,0,0
what annoys me is that stuff about us gets posted and we may not know about it. can someone ping me next time this happens?,0,0,0,0,0,0
"beware, bertie's an ignorant cunt",1,0,1,0,1,0
"well . . . ok fine, but how is anything i said vandalism? i'm only speaking the truth",0,0,0,0,0,0
reply from a uk editor: er ... no. black kite (talk),0,0,0,0,0,0
delusional twats on many levels.,0,0,0,0,0,0
"thank you for experimenting with the page trinity on wikipedia. your test worked, and has been reverted or removed. please use the sandbox for any other tests you want to do. take a look at the welcome page if you would like to learn more about contributing to our encyclopedia. thank you for your understanding. a link to the edit i have reverted can be found here: link. if you believe this edit should not have been reverted, please contact me.",0,0,0,0,0,0
"response: as i stated above, these were not bad faith nominations. i truly believe these are non-notable artists in a non-notable band. they don't meet a single point of the 12 set forth in wp:music. if they do, and that reference can be verified. feel free to add it and i'll publicly change my opinion. additionally, the pages were created my the band's webmaster. the article speak for themselves, there were not a single reference or source in any of the four articles asserting any kind of notability at all. not one. webhamster's mere assertion without any cited sources does not establish notability. this is not hamster-pedia. if the discussions had been left open, i suspect the consensus would have agreed with me.",0,0,0,0,0,0
"i am aware you have rudely decided not to create a wikipedia account, thus making it needlessly difficult for people to communicate with you and track your actions in general. i do not see why this is a reason for me to make it even harder by not linking your posts to your current ip. algebraist",0,0,0,0,0,0
"rabbit, if you take this to the pump, i will not revert anymore. thanks for being a mediative voice. i've also asked three respected admins, two of whom are admins at the commons, to weigh in since this seems to failed wikipedia:advert and wikipedia:notability (people).",0,0,0,0,0,0
"roger's page will indeed be added to metapedia without all the vandalism, lies and distortion that have been posted here.",0,0,0,0,0,0
""" re """"twats"""" - no, it is not necessarily an attack; please hear me out; if i hit my own thumb with a hammer and shout """"twats!"""" - is that an 'attack'? of course not. as regards the blp issue - it is absolutely not """"going overboard"""" to remove someone claiming a living person has terminal cancer without any evidence - good luck trying to defend that action. regardless of our 'disagreement', i seriously consider you remove that particular claim as a matter of urgency. and please acknowledge you're read this. 88.104.31.21 """,0,0,0,0,0,0
"the article needs to tell the name of their language. 07:28, 23 jun 2005 (utc)",0,0,0,0,0,0
""" ludwig von salm-hoogstraeten i'm done with it, i promise . nominated it for dyk. holla @ me """,0,0,0,0,0,0
"text removal hi there! i just saw your message about the columbia article. to tell you the truth, i don't remember exactly why i removed the text given that it was a year ago. however, i think the part about tears streaming down cain's cheeks is certainly not encyclopedicit's trivia that's not really relevant to the article. as for locking the doors, i'm not sure what point you were trying to make there, but it is standard procedure for a crisis in mission control. hope that helps. if not, let me know and we can talk further.",0,0,0,0,0,0
grab your pocket protectors!!!!,0,0,0,0,0,0
""" possible troll why is the word """"monkey"""" at the bottom of this?""",0,0,0,0,0,0
""" january 2009 please do not replace wikipedia pages with blank content. blank pages are harmful to wikipedia because they have a tendency to confuse readers. if it is a duplicate article, please redirect it to an appropriate existing page. if the page has been vandalised, please revert it to the last legitimate version. if you feel that the content of a page is inappropriate, please edit the page and replace it with appropriate content. if you believe there is no hope for the page, please see the deletion policy for how to proceed. """,0,0,0,0,0,0
you will be blocked from editing wikipedia.,0,0,0,0,0,0
"sinking of the dong fang zhi xing just began this article in the past hour. it is almost midnight here, and i am beat. i will continue this later, but thought it may interest you. sinking of the dong fang zhi xing",0,0,0,0,0,0
"your mama is clearly being used as advertisment, you cock sucker. 05:32, 17 jun 2005 (utc)",1,0,1,0,1,0
""":: i agree with vast majority. totally. but that is still an evaluative statement. the vast majority of people also see hitler as a villian, but does his page say """"hitler was a villian""""? i agree with you about people being protective of their children. i'm protective of my brother and my mentorees. they know that i would do anything for them. i agree with you that adult-child sex and sexual contact is likely to enrage almost anyone... but the news tells a different story. how often do you hear """"jim brown (generic name) was arrested today for allegedly having sex with one of the girls at his day camp"""" and then they interview people who say things like """"but he's a really good person, even if he did this, i still see him as a hero"""" or, after a court conviction even, """"he's always been a role model to the whole community... he should be released or probation...why send this nice man to prison?"""" i have heard things like that and it sickens me more than anything! people are so... fickle. and clueless sometimes. i agree with monitored. but i also don't think a 20-y/o who was convicted of having sex with a 17.5-y/o (yes, this happened) should be classified a top-priority sex offender for their whole life. kida ridiculous. now a 20-y/o with a 10-y/o? absolutely! let their monitor fall off after the heat of hell melts it... i disagree that wikipedia is """"soft"""" on pedophiles. in fact, pedophiles are the only people not allowed to edit the """"encyclopedia that everyone can edit""""; that's a simple fact. i don't think we give anyone """"enormous sympathy"""" (and certainly you don't!). do we treat them fairly and as legitimate people? yes, should we? absolutely. """"all men are created equal"""", right? remember, we do not have thought police. hitler tried that... (i hate bringing that name back up... apologies...) by the way, though the very incarnation of evil, hitler was a masterful, brilliant leader. most of the most notorious bad guys in history were. that's part of how they could accomplish so much and still be so evil. kinda sad when you think about it... 03:28 (utc) 28 mar '08 -) """,0,0,0,0,0,0
"i did miss it, uncle, for reasons related to fatherhood and fences. did i really miss anything? i'll have a look (possibly after nap time).",0,0,0,0,0,0
"yes, it is. okay, being serious now: most of the new additions to the introuction is uncited, fairly biased and inflammatory, and often consists of original research. we need to be judicious and be both balanced and rigorous in vetting new additions to such a sensitive topic. (talk)",0,0,0,0,0,0
"=why are you being so rude? i only want to help you motherfuckers. fuck! retards! you're such retards! i hope you all die! seriously, die!!! wikipedia, the encyclopedia that nobody can edit because all the ip addresses are banned, hahaha. you're so downhill, it's sad. too bad the beehive can't deal with reality, hahaha!!! hey, that reminds me... is the country of kuwait still banned, you fucktards?? seriously, please unblock kuwait, you rude communist sons of bitches!!",1,1,1,0,1,0
"can you unblock my ip? hey pgk, can you plz unblock my ip, cos i have been blocked cos sum1 else was blocked using my aol ip. thanks,",0,0,0,0,0,0
"it was me. 19:35, august 12 2006 (utc) example 19:35, august 12 2006 (utc)",0,0,0,0,0,0
"oh, you mean the franchise which has a website that you neglect and which you have no interest in?",0,0,0,0,0,0
"""===criteria=== good article status - review criteria tabtaba good article is tabtabtabtab: (a) ; and (b) . compliance with other aspects of the manual of style, or the manual of style mainpage or subpages of the guides listed, is not required for good articles. tabtab: (a) ; (b) ;either parenthetical references or footnotes can be used for in-line citations, but not both in the same article. and (c) . tabtab: (a) ;this requirement is significantly weaker than the """"comprehensiveness"""" required of featured articles; it allows shorter articles, articles that do not cover every major fact or detail, and overviews of large topics. and (b) . tabtab. tabtab.vandalism reversions, proposals to split or merge content, good faith improvements to the page (such as copy editing), and changes based on reviewers' suggestions do not apply. nominations for articles that are unstable because of unconstructive editing should be placed on hold. tabtab:other media, such as video and sound clips, are also covered by this criterion. (a) ; and (b) .the presence of images is not, in itself, a requirement. however, if images (or other media) with acceptable copyright status are appropriate and readily available, then some such images should be provided. tabtab review : criteria notes result (a) (prose) the reviewer has no notes here. (b) (mos) the reviewer has no notes here. : criteria notes result (a) (references) the reviewer has no notes here. (b) (citations to reliable sources) the reviewer has no notes here. (c) (original research) the reviewer has no notes here. : criteria notes result (a) (major aspects) the reviewer has no notes here. (b) (focused) the reviewer has no notes here. . notes result the reviewer has no notes here. . notes result the reviewer has no notes here. : {| class=""""wikitable"""" |- ! criteria !! notes !! result |- | (a) (images are tagged and non-free images have fair use rationales) || the reviewer has no notes here. || |- | (b) (appropriate",0,0,0,0,0,0
"it's called a content dispute, and your repeated accusations of vandalism are the actual problem here. :==( o )",0,0,0,0,0,0
i started a column but we need to go through all those links to verify references. formatting can be done at same time.,0,0,0,0,0,0
i have started a second proposal on this subject. you can vote at meta:requests for new languages/wikipedia montenegrin 2. thank you.,0,0,0,0,0,0
"(and happy new year, too, of course - can't believe i forgot that. -) )",0,0,0,0,0,0
""" to edit, please log in. editing by unregistered users from your shared ip address or address range may be currently disabled. registered users, however, are still able to edit. if you are currently blocked from creating an account, you may use this form to request a username. alternatively, you may email us with your preferred username. either way, use an email address issued to you by your isp, school or organization so that we may verify that you are a legitimate user on this network. if using the form, please reference this block in the comment section. please check on this list that the username you choose has not already been taken. we apologize for any inconvenience. """,0,0,0,0,0,0
"no, i have reverted your undiscussed changes 3 times, i have not broken 3rr i would have to revert them again, if you want to complain then go to an administrator.",0,0,0,0,0,0
you are dumb you are dumb and stupid loser,1,0,0,0,1,0
""" if that helps, i'm willing to adopt """"collect's stonewalling and misrepresentation of sources"""" and """"collect's flexible criteria for reliability"""" under my name - it exactly meets my experiences, but i have no time to collect my own evidence. """,0,0,0,0,0,0
"comment the obd-ii codes themselves are property of the society of automotive engineers and therefore should be removed, unless sae has granted permission. however, as an alternative proposal, maybe obd-ii pids should be merged into on-board diagnostics. 64.26.98.90",0,0,0,0,0,0
you have not replied.,0,0,0,0,0,0
""" harassment please do not out contributors as you did here. a """"healthcare professional"""" should know better. but, then again, you are under review by your college aren't you? 173.206.249.51 """,0,0,0,0,0,0
"yes they do, and thank you for your work.",0,0,0,0,0,0
"re: sarah brightman peer review thanks for the comments, they're much appreciated. about the context - believe me, i'd love to find more material for this, but everything i've found seems to focus less on her and more on more recently prominent crossover acts (josh groban, il divo, etc.) i'm working on it though. not sure i should mention amelia since she doesn't have an album out yet and it's going to be released independently. i still need to update for the greatest hits albums; looking for good solid information on that.",0,0,0,0,0,0
listing of evidence links for wp:rcu note: the domain uses the solera networks data scout forensic file system. this file system logs all network packets on target ports and digitally signs the packets for forensic investigations with date and time. the attacks by this user (and possibly others) were all archived and digitally signed and are available for review by wikipedia. i have exported all of these packet capture logs and they can be reviewed and downloaded by wikipedia or checkuser to assist in its investigations. instructions on how to access the slot data can be found here dsfs file system user guide. the full dsfs capture logs are now online for wikipedia to review. wikigadugi site policy clearly states all network traffic is logged and publicly available for review of network abuse. full wikigadugi site dsfs capture logs with full packet data,0,0,0,0,0,0
"right, jasonsosa, the quran teaches that jesus was not killed. surah 4:157 if there is good news, this is the best news! - 19 may, 2015",0,0,0,0,0,0
""" samev, i want you to stay off of my talk page! do you understand that? if you're going to try to """"educate"""" others on italian history, you might just as well learn, here and now, that the italian unification gave italy a king as well as a president. (not just a king as you'd thought!) you became very aggressive and snide with me for no reason on the discussion board! your apology is not accepted. now, do not contact me again! if you can't understand this, then, please, have a parent or an older person explain it to you. ta!""",0,0,0,0,0,0
congratulations on getting m rio de andrade to fa status.,0,0,0,0,0,0
""" top importance shouldn't this be a 'top' importance spaceflight article, as opposed to 'high' importance. bearing in mind spaceflight propulsion is more vital to the idea of spaceflight than nasa is. i.e. you need propulsion, but not nasa? either way i think it would be more appropriate labelled as top importance. docheuh """,0,0,0,0,0,0
". it wouldn't surprise me if you were a sockpuppet of another user around here. either that, or you're psychopathically in love with stalking certain users and selectively ruining their wikipedia experiences, in which case i truly feel sorry for your miserable life",0,0,0,0,0,0
"os, you're welcome to edit here if you make constructive edits to articles within our policies, whoever wrote this: my contribution here is extremely constructive. apart from my work in the three pages that i tried to edit and was constantly censored, i point out to the abuses that take place here by some administrators. my contribution is very constructive because it calls for accountability. there is abuse going on here. i have pointed out to those abuses. if you don t want anyone rocking the boat then you don t like me. but if you really care to set things straight and make wikipedia a fair and unbiased encyclopaedia where both opposing views are treated with the same consideration then i am the right person here and my contribution are extremely valuable. it all depends what is most important to you. if you want to have a good encyclopaedia then my criticism of these abuses are very helpful. if all you care is to have a groupie of people who would do whatever they want and if someone complains they ban him then obviously i am in the wrong place.",0,0,0,0,0,0
""" reply to no such user's opinion not sure if you're able to comprehend, but here are few facts to consider serbia was a country during selimovi 's life for 19 years before yugoslavia was (1910-1918 kingdom of serbia, 1918-1929 kingdom of serbs, croats and slovenes, 1929 scs was renamed yugoslavia)., and it was also one of the federal republics of yugoslavia. this is why on the yugoslav censuses, """"serb ethnicity"""" was an option, which selimovic selected. the majority of the members of the partizans and the communists were serbs, being a serb and being a partizan/communist was not mutually exclusive your implication that he changed nationalities from bosnian to serbian to spite sarajevan """"harrasment"""" is ridiculous because he was not addressing his nationality in the letter, but rather his ethnicity, which is an unchangeable characteristic. the serbian language's standardization was devised by karadzic in 1818, 17 years before the croatian latin alphabet was standardized by ljudevit gaj, and 32 years before serbo-croatian was devised at the vienna agreement. if you read mesa selimovic's books you would know that the modern standardized serbian language is older than both modern standardized croatian and serbocroatian as he wrote a book discussing karadzic's reforms. also there are croatian and serbo-croatian dialects that are not mutually understandable with the modern standardized serbian that selimovic wrote in, namely cakavian and kajkavian. you say biographies are reliable sources. then read this excerpt from selimovic's own autobiography """"sjecanja"""" that he wrote himself and you will find the following quotation: """"poti em iz muslimanske porodice iz bosne, a po nacionalnoj pripadnosti sam srbin. pripadam srpskoj literaturi"""" -> translation: i come from a muslim family from bosnia, but by ethnicity i am a serb. i belong to serbian literature you are clearly not a """"sane and neutral editor"""" if you call me a bully and tell me to fuck off simply for adding relevant (the author's works deal primarily with ethnic questions in the balkans) additional information and citations from the author's own autobiography to an article.""",0,0,0,0,0,0
did the luna moth in the pictures get it's fealers muddeled up with t.v. arials?,0,0,0,0,0,0
""" ningombam bupenda meitei neither the text of the article ningombam bupenda meitei nor any of its references suggests that the subject is suitable as the topic of a wikipedia article. please review wp:n and wp:bio. please do not remove the maintenance templates until these issues have been resolved. bongomatic """,0,0,0,0,0,0
""" yum this is 4 u """,0,0,0,0,0,0
""" for kicks, the primary author of """"cartman gets an anal probe"""" is female, (i am also female. many of the participants at fa are female and i do not believe women are underrepresented there.) and usually concentrates on 17th and 18th century women's and children's literature in the majority of her fa topics. i wrote the articles for to kill a mockingbird and harvey milk, among others (including fas related to buffy the vampire slayer, which is a topic worthy of the dozens of books written about it). none of my articles got as many hits as museum of bad art on april fool's day 2009. it's difficult to fault wikipedians or fa writers for providing gimmicks when that's exactly what people respond to. barnum noted that somewhere, more laconically i bet. i recall i stated that opinion in one format when gropecunt lane was on the main page. """,0,0,0,0,0,0
-complete and total misunderstanding on my part. was believing that it was a conspiracy against the proliferation when indeed my link4ge is 8tfu.,0,0,0,0,0,0
"regarding edits made during march 14 2007 (utc) to nostradamus please do not replace wikipedia pages or sections with blank content. it is considered vandalism. please use the sandbox for any other tests you want to do. take a look at the welcome page if you would like to learn more about contributing to our encyclopedia. thanks. if this is an ip address, and it is shared by multiple users, ignore this warning if you did not make any unconstructive edits.",0,0,0,0,0,0
the internet beatles album,0,0,0,0,0,0
""" i explain myself in an edit summary when i think the reversion is obviously justified. to say that something is """"encouraging"""" is clearly expressing an opinion, which needs to be attributed to someone. i see you've now done so, so i have no other complaints. \talk """,0,0,0,0,0,0
""" please do not vandalize pages, as you did with this edit to henry iv, part 2. if you continue to do so, you will be blocked from editing. mz """,0,0,0,0,0,0
""" the """"country"""" section in the infobox i think this section is supposed to mean countries where the house are currently in power rather than """"country they originated from"""". because the """"ethnicity"""" section covers that already. i may be wrong, what does anyone think? - """,0,0,0,0,0,0
let me know on my talk page if you need admin help with any other similar pages. carl ( talk),0,0,0,0,0,0
"regarding my block for your information, i'm still not scared by that block. but, in my opinion, you should be now. mr.bakharev ceased his attempts to threaten me with blocks so he is still an admin; this might not be your case. i wasn't limited by your block either: i didn't even know about it. in case if you were trying to limit my neutralizing anti-trollish activities, you and your friends should have been monitoring my actions more thoroughly ) happy edits (like your ... friend irpen says),",0,0,0,0,0,0
"article should be moved to icd-10 chapter iii: diseases of the blood and blood-forming organs, and certain disorders involving the immune mechanism",0,0,0,0,0,0
"well, thank you for taking the time out of your day to come to my talk page and tell me that. as this is my talk page, i can go into a little rant. you and a lot of others seem to think that anybody who insists that it is the mainstream view that jesus was crucified by pontius pilate is an undoubted historical fact is a frothing at the mouth christian fundamentalist. that isn't why i think that, it is because i am a roman pagan and i believe it because tacitus says so!!!!! there is only one thing that we know for sure about jesus, which is that he was crucified, the historian from whom i learned almost everything i know about classical history, michael grant, says so and so does the greatest roman historian, tacitus. if he was crucified, he had to exist first, so he unquestionably did, it is just ignorant people who know nothing about roman history who think anything else. i feel so much better for getting that off my chest.",0,0,0,0,0,0
"allow me to explain. this was 7 years ago, and at that time there were few content related to bangladesh on wikipedia. however, we had a nationally funded encyclopedia (banglapedia) published by the asiatic society of bangladesh. back in 2005, i initiated a discussion with asiatic society to get their content released to wikipedia under gfdl. as these talks were going on, i had seeded a few articles from text from banglapedia, and had then paraphrased or rewrote the text in my own words, and cited back to the corresponding banglapedia article as reference. if you look at the evolution of several articles (not the ones listed above), you can see the workflow. however, for some articles, it seems that i have missed paraphrasing or rewriting them. if you are looking to identify more of such possible articles, i suggest you look at the ones written in summer 2005 timeframe. i will do my own search and actively assist in rewriting the articles to remove copyright issues. thanks.",0,0,0,0,0,0
""" oppose. """"firehouse"""" is a common term in the us to refer to a fire station. it should probably redirect to that as opposed to a band. """,0,0,0,0,0,0
narc please quit fucking up my edits on steak diane. thank you. 72.33.93.156,1,0,1,0,0,0
""" tone it kinda reads like an obituary, i sadly don't know enough about him to make it too much better, but things like """"he had no children. he died on.."""" i've taken out. still more work needs to be done. [[user_talk:danielfolsom|folsom]] """,0,0,0,0,0,0
""" question sarah, there is something that i've wondered about for a long time that is related to coi editing. one need look no further than my user page where i quote chris hedges: """"they control our systems of information."""" and add: surely no one could be so naive as to believe that corporations do not have an interest in turning our encyclopedia into a corporate-approved encyclopedia. at a certain point one must admit that to not fight the creep of corporate control into our articles really does make us appear to be a bunch of easily-led, lame-brained, losers just willing to go along with the flow rather than to tackle the problem and try to come up with some sort of strategy. what, if anything, is presently being done? i'm aware that a few years ago an editor asked for some sort of outside check to """"prove"""" that he had no coi related to the articles he edits, and i've heard of this incident dozens of times since, where it is raised as absolute evidence of a lack of conflict of interest. many times i've wondered how wikipedia went about finding this so-called proof. if i put myself in a position in which i was editing for pay but denied it, how could it be proven that i was? i mention this because the first thing you know all a paid editor need do is have wp give him/her the wp stamp of approval and from then on that editor is home free to do as they please. they can now proudly display their badge of approval and anyone who questions them is now seen as a disgruntled editor in need of a reality check. """,0,0,0,0,0,0
"deleted. ask an admin to restore it. i don't recall how far i got, or even if it's better than what's in the main gw article. -",0,0,0,0,0,0
yes c-c-c-c i did make that personal attack on your user page. i appreciate you realise it was a joke. i think you overreacted by getting me blocked though:-),0,0,0,0,0,0
""" what does bad grammar have to do with signing your name? i don't think you know what grammar is. here, let me give you something to refresh your memory: grammar. oh and by the way, you made the same grammatical mistake when you typed """"had'nt"""". thanks for trying, though.""",0,0,0,0,0,0
current year: no. span of near a decade: historical interest. if you have an prices that date back to 1894...i'd find that interesting too.,0,0,0,0,0,0
"so for a church building to be shown on wiki, it needs to be a (grade ii) listed building or something? i've obviously missed a faq. was going to pad out the rest of the details, but won't waste my time if it can't be included. i think there are features that are striking to the building, but not being listed, apparently means it's not worthy for inclusion on wiki?",0,0,0,0,0,0
"shri gautama buddha is only considered by the buddhists as a separate leader. however even buddhists if they study the buddha, they realize that he was only trying to encourage the truth interpretation of the vedas and its arya dharam. buddhist scholar rahula vipola wrote that the buddha was trying to shed the true meaning of the vedas. buddha is said to be a knower of the veda (vedaj a) or of the vedanta (ved ntaj a) (sa.myutta, i. 168) and (sutta nip ta, 463). for all inquiries, please read this version of buddha as an avatar of vishnu",0,0,0,0,0,0
""" ita140188, if you really want """"as much information as possible"""" on wikipedia then why have you supported the merger of the page specifically about the eurovelo 7 with its parent page (i.e. eurovelo) when it is clear that the ev7 page has greatly expanded information including an overview map and some images? it seem completely incongruous with what you've said above. surely we should be expanding wikipedia, not stunting its growth? in any case, the ev7 page is set to be expanded (by me) hopefully others will too... feel free to help! """,0,0,0,0,0,0
"jimmy, will ignore this",0,0,0,0,0,0
""":::::k: is there possibly any personal circumstance for which we should grant allowance, or are you deliberately obtuse? i ask because it is a little difficult to assume good faith (what the laywers would call a rebuttable presumption) when, after stating '[t]he article is supposed to represent """"all significant viewpoints that have been published by reliable sources"""", according to wp:due', you leave off the continuation of that quote: in proportion to the prominence of each viewpoint. that text goes on to say: your argument all along seems to be that the """"skeptical"""" views (re climate) should be given equal weight (prominence) with the mainstream, but as can be readily seen, that is not the actual policy here; such """"balance"""" would be misleading. your omission amounts to misrepresentation. """,0,0,0,0,0,0
what was wrong with my edits to roses.,0,0,0,0,0,0
"""== hello == category:welcomebotresearch hello, and welcome to wikipedia. thank you for writing the article . unfortunately, it doesn't conform to some of wikipedia's guidelines for new articles, and has, as a result, been marked for deletion. however, please do not be disheartened by what may or may not happen to your first article, if indeed it is deleted - please continue to edit wikipedia and add articles which conform with the inclusion criteria. for help, see help:contents. to find out what will probably be deleted, see wikipedia:criteria for speedy deletion and wikipedia:what wikipedia is not. thanks, and if you have any questions, please ask them on my user talk page. to do this, click on my name (just after this sentence) and click discussion at the top and then the (+) button at the top. skan """,0,0,0,0,0,0
"do as you wish, at the templates.",0,0,0,0,0,0
""" only admins can reinstate things. i'm not one. i wish i could look at the article in question and give you a more specific answer, but an administrator would have that ability. my guess is that it had a lot of """"peacock"""" terms which might have seemed advertisement-y. you can rewrite the article though (but if you don't include a bibliography/reference list it might be deleted again) without promotional language. """,0,0,0,0,0,0
""" and what does those comments have to with whether notes issued prior to the greeenback were legal tender? do you know what year the first bank of the us was shut down? do you know what a """"demand note"""" is or are you ignorant of basic financial terms? how about do you know what a treasure note is? is a treasury note legal tender? do you know when federal reserve notes first became legal tender? or are you ignorant of that as well? frankly if you don't know any of the above you should get lost until you do. you may not be aware of it but your ignorance on this subject is huge!71.174.142.108 """,1,0,0,0,0,0
"nawlinwiki, that is gross.",0,0,0,0,0,0
""":::you are doing a really good job on the article. i did some more minor copyediting and took the discussion of the spanish origins stuff to the talk page. (talk) """,0,0,0,0,0,0
im currently employed by wikipedia to test these pages out and see how fast the recovery time is. thanks for your concern...,0,0,0,0,0,0
